condition,EX_mean,avg_rounds,avg_latency,n
E0_zero_shot,0.7766666666666666,0.0,1.5031833333333333,300
E1_static_fewshot,0.8,0.0,1.48453,300
E2_dynamic_fewshot,0.8,0.0,1.45633,300
E3_dynamic_correction,0.8066666666666666,0.0033333333333333335,1.6865533333333333,300
E4_static_correction,0.7933333333333333,0.0,1.42634,300
